,Wifi Voucher Codes  10Php,,,,,,Wifi Voucher Codes  10Php,,,
1, fnTWNABVUkf3,,1, fnTWNABVUkf3,,51, QKH6MZHpXfK,,51, QKH6MZHpXfK
2, dVnk4Saqs6w,,2, dVnk4Saqs6w,,52, KqGhdjPenwb3,,52, KqGhdjPenwb3
3, D8pcryzSSLp,,3, D8pcryzSSLp,,53, 5nVPLnN2wvW,,53, 5nVPLnN2wvW
4, 2hJFWh7aqwH,,4, 2hJFWh7aqwH,,54, vSQCEhXyK8H,,54, vSQCEhXyK8H
5, u2tXUjBVAbA,,5, u2tXUjBVAbA,,55, pbdrPftnpGF,,55, pbdrPftnpGF
6, veR8DQjG4dy,,6, veR8DQjG4dy,,56, McyDdwLRenx,,56, McyDdwLRenx
7, 2MuwGXca3XA,,7, 2MuwGXca3XA,,57, Vcmsbm7qUws,,57, Vcmsbm7qUws
8, aEikf2Rm22R,,8, aEikf2Rm22R,,58, GvzXWJ2kDq83,,58, GvzXWJ2kDq83
9, TbaYh6DpdLF,,9, TbaYh6DpdLF,,59, Pdykae3t46X,,59, Pdykae3t46X
10, aZ5Wnq5dYAu,,10, aZ5Wnq5dYAu,,60, 8DrumxTqYYD,,60, 8DrumxTqYYD
11, jMSPbGNKvyP,,11, jMSPbGNKvyP,,61, XzN7YiAnpq6,,61, XzN7YiAnpq6
12, 8caxS2F6xdh,,12, 8caxS2F6xdh,,62, pjntcUUj3EK,,62, pjntcUUj3EK
13, YwaKmnzedY23,,13, YwaKmnzedY23,,63, 4Lv7hBsS3PP,,63, 4Lv7hBsS3PP
14, QuWDbKueb7u,,14, QuWDbKueb7u,,64, NV6D7adfVH33,,64, NV6D7adfVH33
15, SbUQ7cF2y57,,15, SbUQ7cF2y57,,65, TkjJBpcdqmq,,65, TkjJBpcdqmq
16, LAYPctfbniu,,16, LAYPctfbniu,,66, uA3XKjfPziq,,66, uA3XKjfPziq
17, SCYcJwYDE3n,,17, SCYcJwYDE3n,,67, y8tXEsrCMEL,,67, y8tXEsrCMEL
18, Hd3FKmraJ7M,,18, Hd3FKmraJ7M,,68, HHA3AzUK8Rb,,68, HHA3AzUK8Rb
19, jzKrLnPA5nv,,19, jzKrLnPA5nv,,69, 4m3RLbpGeJ53,,69, 4m3RLbpGeJ53
20, hmuYqv8PWvU,,20, hmuYqv8PWvU,,70, uMxvAvwvtd8,,70, uMxvAvwvtd8
21, 3R8BfMSDsdM,,21, 3R8BfMSDsdM,,71, QaJ6uaEUCEB,,71, QaJ6uaEUCEB
22, wJr3CbSHQp83,,22, wJr3CbSHQp83,,72, 8j3sP3KXNQy,,72, 8j3sP3KXNQy
23, cq3N84ftnxH,,23, cq3N84ftnxH,,73, EeQ88jwyDpG,,73, EeQ88jwyDpG
24, VikFdFbG5ZC,,24, VikFdFbG5ZC,,74, rFQZSskRcYr,,74, rFQZSskRcYr
25, HpZHMaGc6vD,,25, HpZHMaGc6vD,,75, 5MLqxFBk7aq,,75, 5MLqxFBk7aq
26, Fkr8LBQUMt5,,26, Fkr8LBQUMt5,,76, UddkbCNKFn53,,76, UddkbCNKFn53
27, CVjxUreSW8G,,27, CVjxUreSW8G,,77, PvvHTmXCY5d3,,77, PvvHTmXCY5d3
28, nLRq4edWMmM,,28, nLRq4edWMmM,,78, R2i8KFCxNr53,,78, R2i8KFCxNr53
29, UEcMVutfsdW,,29, UEcMVutfsdW,,79, EVTDZQnnPyb,,79, EVTDZQnnPyb
30, MHPizVETEPy,,30, MHPizVETEPy,,80, KdEELFxKYEb3,,80, KdEELFxKYEb3
31, t5e8Q7yZr4K,,31, t5e8Q7yZr4K,,81, 8pyAXiRNdXd,,81, 8pyAXiRNdXd
32, pkDmKJ66sWp,,32, pkDmKJ66sWp,,82, 64YPLbfHDmE,,82, 64YPLbfHDmE
33, fjZqRkyiar23,,33, fjZqRkyiar23,,83, VMbwzPYDxBQ,,83, VMbwzPYDxBQ
34, kCGZHPf5Btz,,34, kCGZHPf5Btz,,84, PjzHpMNedQP,,84, PjzHpMNedQP
35, uLtsLHWiuzh,,35, uLtsLHWiuzh,,85, sjM7ZMyp8zE,,85, sjM7ZMyp8zE
36, eCLbJHaVBiR,,36, eCLbJHaVBiR,,86, xBcV6pDUtbG,,86, xBcV6pDUtbG
37, VCTVjypkzx6,,37, VCTVjypkzx6,,87, 4biyKYChQXA,,87, 4biyKYChQXA
38, aELYjRbzzA3,,38, aELYjRbzzA3,,88, xMp7AJ3N6v23,,88, xMp7AJ3N6v23
39, qHTnes2uYNW,,39, qHTnes2uYNW,,89, Eheqp5r3SGu,,89, Eheqp5r3SGu
40, SKJJGQaLN64,,40, SKJJGQaLN64,,90, BYYPk3sdEtd,,90, BYYPk3sdEtd
41, bCmeu2p8BM5,,41, bCmeu2p8BM5,,91, uX3ztPqsFUu,,91, uX3ztPqsFUu
42, tnEXx5dBcek,,42, tnEXx5dBcek,,92, GkHd6FJmiDd3,,92, GkHd6FJmiDd3
43, 6es4VQFtDb63,,43, 6es4VQFtDb63,,93, Kc72iCpCJHd,,93, Kc72iCpCJHd
44, 8Wvt6v7AnMU,,44, 8Wvt6v7AnMU,,94, ZqCQWuF58SE,,94, ZqCQWuF58SE
45, Hxw62nUnaJd,,45, Hxw62nUnaJd,,95, 8S4ijAYYRJw,,95, 8S4ijAYYRJw
46, WSEJcHy7ep63,,46, WSEJcHy7ep63,,96, vjFE4qY4qpJ,,96, vjFE4qY4qpJ
47, Yt5Q3NnaqQh,,47, Yt5Q3NnaqQh,,97, 4cjAfEXCecQ,,97, 4cjAfEXCecQ
48, dX22quqBSNS,,48, dX22quqBSNS,,98, uyZ6ejEYU8k,,98, uyZ6ejEYU8k
49, TjsZab7mZRN,,49, TjsZab7mZRN,,99, NxaBGEjct5a3,,99, NxaBGEjct5a3
50, pKDxCmsEqnU,,50, pKDxCmsEqnU,,100, N6VZCn6BpnY,,100, N6VZCn6BpnY
